{"cameraMode":{"drawMode":0,"name":"Shaded","section":"Shading Mode"},"sceneLighting":false,"audioPlay":false,"sceneViewState":{"showFog":true,"showMaterialUpdate":false,"showSkybox":false,"showFlares":true,"showImageEffects":true,"showParticleSystems":true},"in2DMode":false,"pivot":{"x":-0.5428304672241211,"y":4.677599906921387,"z":-0.5022697448730469},"rotation":{"x":-0.2634601593017578,"y":-0.15678665041923524,"z":0.04360012337565422,"w":-0.9509021639823914},"size":36.834716796875,"orthographic":false}