{"cameraMode":{"drawMode":0,"name":"Shaded","section":"Shading Mode"},"sceneLighting":false,"audioPlay":false,"sceneViewState":{"showFog":true,"showMaterialUpdate":false,"showSkybox":false,"showFlares":true,"showImageEffects":true,"showParticleSystems":true},"in2DMode":false,"pivot":{"x":0.37683963775634768,"y":4.865395545959473,"z":-1.5647048950195313},"rotation":{"x":0.7233750820159912,"y":-0.11409725248813629,"z":0.1231052428483963,"w":0.6698171496391296},"size":38.55735397338867,"orthographic":false}