{"cameraMode":{"drawMode":0,"name":"Shaded","section":"Shading Mode"},"sceneLighting":false,"audioPlay":false,"sceneViewState":{"showFog":true,"showMaterialUpdate":false,"showSkybox":false,"showFlares":true,"showImageEffects":true,"showParticleSystems":true},"in2DMode":false,"pivot":{"x":0.0,"y":0.38766345381736758,"z":0.6419204473495483},"rotation":{"x":0.04454386979341507,"y":0.9493975639343262,"z":-0.26480355858802798,"w":0.16399255394935609},"size":4.964025974273682,"orthographic":false}