{"cameraMode":{"drawMode":0,"name":"Shaded","section":"Shading Mode"},"sceneLighting":false,"audioPlay":false,"sceneViewState":{"showFog":true,"showMaterialUpdate":false,"showSkybox":false,"showFlares":true,"showImageEffects":true,"showParticleSystems":true},"in2DMode":false,"pivot":{"x":-0.19570446014404298,"y":7.185937404632568,"z":-0.3245549201965332},"rotation":{"x":0.4598972499370575,"y":-0.5141969919204712,"z":0.3857821524143219,"w":0.6126775145530701},"size":44.07718276977539,"orthographic":false}