{"cameraMode":{"drawMode":0,"name":"Shaded","section":"Shading Mode"},"sceneLighting":false,"audioPlay":false,"sceneViewState":{"showFog":true,"showMaterialUpdate":false,"showSkybox":false,"showFlares":true,"showImageEffects":true,"showParticleSystems":true},"in2DMode":false,"pivot":{"x":-2.313905715942383,"y":2.1193478107452394,"z":0.39165496826171877},"rotation":{"x":-0.14420700073242188,"y":0.3256148397922516,"z":-0.0502665713429451,"w":-0.933139979839325},"size":9.127184867858887,"orthographic":false}