{"cameraMode":{"drawMode":0,"name":"Shaded","section":"Shading Mode"},"sceneLighting":false,"audioPlay":false,"sceneViewState":{"showFog":true,"showMaterialUpdate":false,"showSkybox":false,"showFlares":true,"showImageEffects":true,"showParticleSystems":true},"in2DMode":false,"pivot":{"x":-0.24045491218566895,"y":5.935530185699463,"z":-0.5534195899963379},"rotation":{"x":0.4199660122394562,"y":-0.1928081512451172,"z":0.09166872501373291,"w":0.8821254372596741},"size":41.683528900146487,"orthographic":false}