{"cameraMode":{"drawMode":0,"name":"Shaded","section":"Shading Mode"},"sceneLighting":false,"audioPlay":false,"sceneViewState":{"showFog":true,"showMaterialUpdate":false,"showSkybox":false,"showFlares":true,"showImageEffects":true,"showParticleSystems":true},"in2DMode":false,"pivot":{"x":-0.1711496114730835,"y":0.16382825374603272,"z":0.387192964553833},"rotation":{"x":-0.24838458001613618,"y":-0.17490744590759278,"z":0.045714497566223147,"w":-0.9516929984092712},"size":13.88628101348877,"orthographic":false}