{"cameraMode":{"drawMode":0,"name":"Shaded","section":"Shading Mode"},"sceneLighting":false,"audioPlay":false,"sceneViewState":{"showFog":true,"showMaterialUpdate":false,"showSkybox":false,"showFlares":true,"showImageEffects":true,"showParticleSystems":true},"in2DMode":false,"pivot":{"x":-0.7625436782836914,"y":4.622993469238281,"z":0.6863811016082764},"rotation":{"x":-0.19017523527145387,"y":-0.8055219054222107,"z":0.43993860483169558,"w":-0.3486116826534271},"size":38.969459533691409,"orthographic":false}